lastName,firstName,email,phoneNumber
FOSTER,SIMONE,sfoster@bestbuy.com,8003648270
LONG,LEONORE,llong@paypal.com,8003362345
LEWIS,BILLIE,blewis@flickr.com,8007897266
LEWIS,BRYANNA,blewis@reuters.com,8003315025
JOHNSON,VIOLA,vjohnson@craigslist.org,8003312140
WILSON,TUYET,twilson@nih.gov,8009738756
LONG,SHARAN,slong@irs.gov,8007847495
RODRIGUEZ,TOMMY,trodriguez@bestbuy.com,8004845426
LEE,ILUMINADA,ilee@zynga.com,8001615023
CLARK,MASON,mclark@walmart.com,8005333172
HENDERSON,YUK,yhenderson@answers.com,8001074776
TAYLOR,NELLY,ntaylor@craigslist.org,8004522109
RODRIGUEZ,DORRIS,drodriguez@linkedin.com,8004630567
WILLIAMS,MELODY,mwilliams@youtube.com,8006162470
WARD,ILUMINADA,iward@gamevance.com,8004852615
GREEN,HORACE,hgreen@geocities.com,8000710670
KELLY,CONNIE,ckelly@sears.com,8004018728
HAYES,LOWELL,lhayes@ehow.com,8005796188
MURPHY,MARQUITA,mmurphy@nytimes.com,8008692959
KELLY,SHAN,skelly@flickr.com,8006244905
BUTLER,TIANA,tbutler@cnn.com,8007974434
MITCHELL,MARQUITA,mmitchell@scribd.com,8006934231
FLORES,HILARIA,hflores@comcast.net,8008144160
TURNER,ABDUL,aturner@bizrate.com,8005832431
TAYLOR,MELODY,mtaylor@hp.com,8000085708
PHILLIPS,BILLIE,bphillips@verizonwireless.com,8008105584
MARTIN,NEOMA,nmartin@nytimes.com,8000498252
COX,YUK,ycox@bizrate.com,8007153106
BAKER,ROSEMARY,rbaker@comcast.com,8009510203
ROSS,TIANA,tross@bizrate.com,8001091758
TURNER,MANIE,mturner@webmd.com,8004778922
RICHARDSON,HORACE,hrichardson@nextag.com,8003791330
LEE,SACHIKO,slee@walmart.com,8005186020
GREEN,YUK,ygreen@jcpenney.com,8008734914
HILL,TYRA,thill@bestbuy.com,8006511123
JENKINS,TOMMY,tjenkins@mapquest.com,8004731619
TURNER,ABDUL,aturner@amazon.com,8003489075
HERNANDEZ,DORRIS,dhernandez@aol.com,8008442289
SCOTT,DONA,dscott@about.com,8002699366
DIAZ,LEESA,ldiaz@allrecipes.com,8001118003
PHILLIPS,MANA,mphillips@live.com,8001638368
CAMPBELL,WILBER,wcampbell@hp.com,8001557565
HERNANDEZ,CATHIE,chernandez@gamevance.com,8008717580
EVANS,ROSEMARY,revans@allrecipes.com,8002465959
REED,MASON,mreed@ask.com,8007286934
CLARK,TAYNA,tclark@netflix.com,8002297682
COLEMAN,PHILLIS,pcoleman@verizon.com,8009342777
WALKER,DORRIS,dwalker@wellsfargo.com,8001181282
JACKSON,BRYANNA,bjackson@hulu.com,8000892533
WHITE,LEONIDA,lwhite@evite.com,8007741163
WARD,MOZELL,mward@bestbuy.com,8001020721
CARTER,PHILLIS,pcarter@bankofamerica.com,8005507624
GONZALEZ,NOMA,ngonzalez@monster.com,8000966837
STEWART,WILBER,wstewart@geocities.com,8009924303
SCOTT,EDDIE,escott@comcast.net,8002244745
FLORES,HILARIA,hflores@google.com,8008666440
JAMES,LUCY,ljames@reunion.com,8006256019
BROOKS,ADOLFO,abrooks@citysearch.com,8006973099
HAYES,TUYET,thayes@aol.com,8007710756
EDWARDS,WILBER,wedwards@ups.com,8003814176
STEWART,ROSEMARY,rstewart@gamespot.com,8008123941
COLEMAN,BRUNA,bcoleman@target.com,8003867251
WOOD,AMI,awood@imdb.com,8007155260
MARTINEZ,BRIAN,bmartinez@allrecipes.com,8009913995
WATSON,KATHY,kwatson@geocities.com,8001306950
GARCIA,STACIA,sgarcia@typepad.com,8007290466
TURNER,JOEY,jturner@tripod.com,8007664354
JONES,ASLEY,ajones@hp.com,8000200033
FLORES,BIANCA,bflores@att.com,8002373079
THOMAS,ELDA,ethomas@imdb.com,8002435020
EDWARDS,WILBER,wedwards@apple.com,8002729344
PRICE,LEANNA,lprice@metacafe.com,8000049368
RAMIREZ,BIANCA,bramirez@webmd.com,8004114025
PARKER,AMI,aparker@ezinearticles.com,8008486483
ALLEN,PEGGIE,pallen@answers.com,8000179501
BROOKS,LATONYA,lbrooks@bestbuy.com,8001011513
ADAMS,YUK,yadams@microsoft.com,8008990725
MURPHY,ILUMINADA,imurphy@bankofamerica.com,8002405791
POWELL,ELDA,epowell@wordpress.com,8007422369
MORRIS,GIA,gmorris@verizon.com,8007133176
LONG,NOMA,nlong@geocities.com,8001095561
GRIFFIN,JOHANNA,jgriffin@craigslist.org,8002077516
MARTINEZ,SACHIKO,smartinez@paypal.com,8004230978
DAVIS,TYRA,tdavis@ezinearticles.com,8006888114
PRICE,LOVELLA,lprice@go.com,8003310090
GONZALES,JOEY,jgonzales@chase.com,8005210435
BUTLER,TERRILYN,tbutler@jcpenney.com,8004903417
PEREZ,LORRAINE,lperez@wellsfargo.com,8002404108
KING,HORACE,hking@verizonwireless.com,8006261934
CARTER,ELMO,ecarter@geocities.com,8006140878
WILLIAMS,CLARE,cwilliams@pronto.com,8007170667
PERRY,TAYNA,tperry@simplyhired.com,8002268905
CLARK,LORRAINE,lclark@nbc.com,8004655238
JACKSON,SACHIKO,sjackson@wellsfargo.com,8000776189
BUTLER,DALE,dbutler@icq.com,8002059822
THOMAS,TWANDA,tthomas@go.com,8005895987
RAMIREZ,SHERRYL,sramirez@nbc.com,8003382127
GRAY,LEONIDA,lgray@apple.com,8002120580
SMITH,ROSEMARY,rsmith@amazon.com,8009222549
SCOTT,ROSEMARY,rscott@hulu.com,8001154493
THOMPSON,BRUNA,bthompson@hulu.com,8001876246
LONG,BILLIE,blong@cnn.com,8000867387
BROWN,CATHIE,cbrown@gamespot.com,8000965593
MARTIN,ELFRIEDA,emartin@ticketmaster.com,8006891335
MITCHELL,LORRAINE,lmitchell@ezinearticles.com,8004346739
BAKER,LUCY,lbaker@bestbuy.com,8007788674
RAMIREZ,LATONYA,lramirez@reference.com,8000194711
ALEXANDER,DALE,dalexander@chase.com,8006249341
JAMES,KEILA,kjames@nbc.com,8007678055
MORRIS,NELLY,nmorris@gamespot.com,8002804803
COX,DALE,dcox@ask.com,8006361035
CLARK,JULIANE,jclark@wordpress.com,8007893371
NELSON,SHERRYL,snelson@scribd.com,8009517221
HERNANDEZ,HILARIA,hhernandez@answers.com,8000549255
WRIGHT,PHYLIS,pwright@pogo.com,8005292063
WATSON,JOEY,jwatson@ign.com,8004758707
TURNER,TOMMY,tturner@ehow.com,8008783143
MORRIS,PEGGIE,pmorris@craigslist.org,8006748136
SIMMONS,KARY,ksimmons@cnn.com,8001837106
HARRIS,HILARIA,hharris@huffingtonpost.com,8004518471
MORGAN,SIMONE,smorgan@ticketmaster.com,8006876785
JACKSON,MOZELL,mjackson@verizonwireless.com,8003209040
PATTERSON,NOMA,npatterson@reference.com,8001332004
GRAY,RICHELLE,rgray@gamespot.com,8001737912
COOK,EDDIE,ecook@typepad.com,8001216193
LOPEZ,CATHIE,clopez@usps.com,8009967862
COOK,KEILA,kcook@capitalone.com,8007522375
KELLY,MASON,mkelly@pogo.com,8009915987
ADAMS,JOANA,jadams@wellsfargo.com,8001713177
JACKSON,DONA,djackson@wordpress.com,8001489121
JACKSON,JO,jjackson@photobucket.com,8008588447
MILLER,CLARE,cmiller@huffingtonpost.com,8004889538
RAMIREZ,EMERY,eramirez@google.com,8002135554
FOSTER,DALE,dfoster@aol.com,8000152780
PEREZ,SIMONE,sperez@classmates.com,8003424522
SIMMONS,TERRILYN,tsimmons@pogo.com,8008753715
ADAMS,MIKAELA,madams@linkedin.com,8007891938
SIMMONS,ASLEY,asimmons@usps.com,8004282043
THOMPSON,ASLEY,athompson@cnn.com,8009119833
COLLINS,VIOLA,vcollins@go.com,8001245592
EDWARDS,SACHIKO,sedwards@walmart.com,8003610089
DIAZ,KATHY,kdiaz@ezinearticles.com,8003642657
TURNER,JOHANNA,jturner@nextag.com,8005774573
HENDERSON,NELLY,nhenderson@time.com,8007003985
COOK,DORRIS,dcook@evite.com,8007354245
MARTINEZ,SHAN,smartinez@metacafe.com,8009147678
RUSSELL,LORRAINE,lrussell@myspace.com,8001758785
JONES,ADOLFO,ajones@flickr.com,8008890595
RUSSELL,NATHANIEL,nrussell@photobucket.com,8002224569
BROOKS,ASLEY,abrooks@download.com,8000363580
HAYES,MANA,mhayes@blogspot.com,8002281864
BAILEY,KATHY,kbailey@yellowpages.com,8001527316
BUTLER,HORACE,hbutler@hulu.com,8007595756
LONG,AUBREY,along@typepad.com,8003610875
MOORE,ROSALIA,rmoore@cnet.com,8000306582
WILSON,ELWOOD,ewilson@comcast.net,8003531530
WILLIAMS,JOHANNA,jwilliams@capitalone.com,8006267139
GRIFFIN,MANA,mgriffin@areaconnect.com,8000997229
BELL,BRIAN,bbell@cnn.com,8005036013
COX,NOMA,ncox@metacafe.com,8005851198
COLLINS,DONA,dcollins@ign.com,8009292281
RICHARDSON,CARROL,crichardson@att.com,8000572443
GONZALES,YOLANDE,ygonzales@digg.com,8007136955
LONG,ELDA,elong@blogspot.com,8009582298
GRAY,JOANA,jgray@yellowpages.com,8007248146
WRIGHT,MARQUITA,mwright@walmart.com,8004723860
JOHNSON,LEONORE,ljohnson@bizrate.com,8009086283
RODRIGUEZ,TOMMY,trodriguez@walmart.com,8000044545
WATSON,KEILA,kwatson@webmd.com,8001696205
MORRIS,AUBREY,amorris@bankofamerica.com,8004661311
ALEXANDER,RICHELLE,ralexander@careerbuilder.com,8005927405
PARKER,EDDIE,eparker@cnet.com,8009234297
REED,MAYNARD,mreed@verizonwireless.com,8001276694
LEWIS,JULIANE,jlewis@ups.com,8009707127
PATTERSON,MARCO,mpatterson@comcast.net,8002910687
MARTINEZ,NELLIE,nmartinez@vzw.com,8008532162
HENDERSON,PHYLIS,phenderson@classmates.com,8008361390
BUTLER,KEILA,kbutler@careerbuilder.com,8007225784
BROWN,JOHANNA,jbrown@huffingtonpost.com,8000030867
WILSON,CARROL,cwilson@target.com,8002151973
HERNANDEZ,STACIA,shernandez@gamevance.com,8002923909
FLORES,ASLEY,aflores@msn.com,8000614346
THOMAS,TATIANA,tthomas@nbc.com,8000826236
ROSS,ELFRIEDA,eross@reuters.com,8009780824
HOWARD,EMMALINE,ehoward@dell.com,8003812302
MARTINEZ,MASON,mmartinez@craigslist.org,8005928425
CAMPBELL,JOANA,jcampbell@yahoo.com,8009755917
EVANS,TYRA,tevans@areaconnect.com,8000137074
PARKER,TYRA,tparker@photobucket.com,8007462020
WASHINGTON,CONNIE,cwashington@gamevance.com,8008642121
GRAY,LOVELLA,lgray@jcpenney.com,8005168280
MILLER,TYRA,tmiller@yahoo.com,8005184262
WASHINGTON,PHILLIS,pwashington@facebook.com,8001830629
LOPEZ,ELWOOD,elopez@reunion.com,8005677862
RIVERA,MOZELL,mrivera@aol.com,8004572183
RICHARDSON,LATONYA,lrichardson@wikimedia.org,8003333328
LOPEZ,MANIE,mlopez@careerbuilder.com,8008013671
LEWIS,LORRAINE,llewis@reference.com,8005721265
ALEXANDER,HANNAH,halexander@download.com,8001200750
ALLEN,VIOLA,vallen@comcast.com,8003751881
HOWARD,ELMO,ehoward@citysearch.com,8006211718
HAYES,NATHANIEL,nhayes@imdb.com,8002623163
PATTERSON,ELWOOD,epatterson@webmd.com,8007807668
WASHINGTON,YOLANDE,ywashington@vzw.com,8006531345
STEWART,CONNIE,cstewart@reference.com,8008311765
WOOD,NELLIE,nwood@ups.com,8005249188
RAMIREZ,MONNIE,mramirez@comcast.net,8008270424
EVANS,LUCY,levans@ehow.com,8009182387
RODRIGUEZ,VIOLA,vrodriguez@time.com,8000016521
HUGHES,MOZELL,mhughes@gamespot.com,8003472550
BELL,HEIDE,hbell@huffingtonpost.com,8006706249
GREEN,MONNIE,mgreen@merriamwebster.com,8009497478
ROBERTS,SHARAN,sroberts@answers.com,8001641266
BROWN,HORACE,hbrown@craigslist.org,8004752565
RODRIGUEZ,KEILA,krodriguez@answers.com,8008211759
GONZALES,ROSALIA,rgonzales@download.com,8008574228
COX,KARIMA,kcox@verizonwireless.com,8009084098
WOOD,MAYNARD,mwood@nbc.com,8002791210
HILL,JULIANE,jhill@ask.com,8007733612
COLEMAN,NELLIE,ncoleman@about.com,8000369993
RIVERA,WINTER,wrivera@chase.com,8006968767
POWELL,CATHIE,cpowell@huffingtonpost.com,8004110208
MORGAN,ASLEY,amorgan@comcast.net,8001059682
MARTIN,NEOMA,nmartin@reunion.com,8007242555
WHITE,KARY,kwhite@windows.com,8008684309
KING,GIA,gking@ebay.com,8006285017
BRYANT,ELFRIEDA,ebryant@sears.com,8009661803
PETERSON,ROSALIA,rpeterson@wikimedia.org,8006654805
ROBERTS,HORACE,hroberts@paypal.com,8005617159
LEWIS,NELLY,nlewis@smarter.com,8000490906
ROSS,BILLIE,bross@careerbuilder.com,8006225825
JACKSON,THOMASINA,tjackson@ign.com,8008140298
YOUNG,BIANCA,byoung@myspace.com,8002097289
JENKINS,KATHY,kjenkins@nbc.com,8002647838
COLEMAN,MARCO,mcoleman@craigslist.org,8008399308
DAVIS,PHILLIS,pdavis@flickr.com,8008019347
GONZALEZ,TOMMY,tgonzalez@bankofamerica.com,8006484570
COLEMAN,WINTER,wcoleman@scribd.com,8007763994
PRICE,CARROL,cprice@answers.com,8000219223
PRICE,SHAN,sprice@webmd.com,8009563484
GARCIA,LEESA,lgarcia@ups.com,8009570886
PATTERSON,TUYET,tpatterson@ticketmaster.com,8005558354
THOMPSON,EMERY,ethompson@nbc.com,8005955405
GRIFFIN,ASLEY,agriffin@allrecipes.com,8004785891
GRIFFIN,ELFRIEDA,egriffin@wellsfargo.com,8008912172
TURNER,NEOMA,nturner@walmart.com,8009600930
PERRY,LEONORE,lperry@att.com,8002131681
STEWART,RICHELLE,rstewart@weather.com,8003887259
SANCHEZ,LOYD,lsanchez@att.com,8001706936
HOWARD,SIMONE,showard@nytimes.com,8000359759
ROGERS,LATONYA,lrogers@gamevance.com,8008734056
GRIFFIN,GIA,ggriffin@yellowpages.com,8000340830
PETERSON,LEONIDA,lpeterson@weather.com,8001699776
GRIFFIN,HANNAH,hgriffin@cnet.com,8005880170
CAMPBELL,MELODY,mcampbell@pogo.com,8006586292
WHITE,NELLIE,nwhite@paypal.com,8002248918
EDWARDS,MONSERRATE,medwards@bestbuy.com,8000094174
BARNES,HORACE,hbarnes@usps.com,8009277165
GRAY,MOZELL,mgray@jcpenney.com,8009023217
TURNER,EDDIE,eturner@cnn.com,8000087132
GONZALES,NOMA,ngonzales@wikimedia.org,8005589544
PRICE,BRYANNA,bprice@windows.com,8004930096
WARD,LORRAINE,lward@ehow.com,8009010058
KELLY,JOANA,jkelly@comcast.com,8002294925
MORGAN,TERRILYN,tmorgan@wordpress.com,8005852888
SIMMONS,LEONORE,lsimmons@reuters.com,8009439166
JONES,LUCY,ljones@allrecipes.com,8009144800
BRYANT,TIANA,tbryant@google.com,8002325437
WILLIAMS,WILBER,wwilliams@ebay.com,8006762912
WOOD,KARY,kwood@geocities.com,8005259195
ANDERSON,ASLEY,aanderson@jcpenney.com,8009182542
EDWARDS,NEOMA,nedwards@geocities.com,8008839606
RODRIGUEZ,CLARE,crodriguez@nytimes.com,8003417043
LONG,HILARIA,hlong@careerbuilder.com,8007959227
HERNANDEZ,ARMINDA,ahernandez@google.com,8008187134
LEE,MAYNARD,mlee@imdb.com,8001994006
BUTLER,BRUNA,bbutler@hulu.com,8006642696
WHITE,MONSERRATE,mwhite@merriamwebster.com,8001831757
BAILEY,LEONIDA,lbailey@monster.com,8000621552
BELL,LUCY,lbell@reuters.com,8008750768
FLORES,BRYANNA,bflores@tripod.com,8002815059
COX,DONA,dcox@yahoo.com,8005932807
FLORES,LORRAINE,lflores@youtube.com,8006336153
RUSSELL,NELLIE,nrussell@nbc.com,8000083991
MARTIN,MONNIE,mmartin@metacafe.com,8004502820
ROBERTS,THOMASINA,troberts@ticketmaster.com,8002572146
HARRIS,NELLIE,nharris@citysearch.com,8006201414
JONES,VIOLA,vjones@bizrate.com,8007978436
SMITH,LATONYA,lsmith@adobe.com,8007735343
JENKINS,BRUNA,bjenkins@vzw.com,8001128904
HUGHES,MANIE,mhughes@citysearch.com,8001154604
RODRIGUEZ,ABDUL,arodriguez@time.com,8000859570
CAMPBELL,ELFRIEDA,ecampbell@nbc.com,8002386764
POWELL,BIANCA,bpowell@google.com,8007243731
PHILLIPS,KARY,kphillips@zynga.com,8002230334
WARD,TITUS,tward@walmart.com,8009487565
GREEN,MONNIE,mgreen@download.com,8007386079
MORGAN,MANA,mmorgan@target.com,8007017348
MOORE,LOYD,lmoore@dell.com,8008334355
WALKER,CLARE,cwalker@myspace.com,8003342652
LONG,KARY,klong@paypal.com,8002663669
TAYLOR,ASLEY,ataylor@reuters.com,8004218743
REED,KARIMA,kreed@go.com,8006672526
WILSON,SHAN,swilson@wikimedia.org,8007166700
WRIGHT,MONSERRATE,mwright@walmart.com,8000110790
MARTIN,NEOMA,nmartin@citysearch.com,8005662674
HENDERSON,TAYNA,thenderson@nih.gov,8008002912
GARCIA,ARMINDA,agarcia@amazon.com,8002263655
WHITE,ILUMINADA,iwhite@jcpenney.com,8007163522
JONES,BRIAN,bjones@facebook.com,8004273609
BROWN,AUBREY,abrown@tripod.com,8001692016
LOPEZ,AUBREY,alopez@answers.com,8008532653
JACKSON,CLARE,cjackson@yellowpages.com,8008751762
WHITE,TERESE,twhite@netflix.com,8009340835
FLORES,VIOLA,vflores@dell.com,8002706176
MORGAN,LEANNA,lmorgan@microsoft.com,8009844099
BENNETT,TATIANA,tbennett@whitepages.com,8004078552
CARTER,TERESE,tcarter@classmates.com,8007891292
COLLINS,GIA,gcollins@comcast.net,8000130077
MILLER,TIANA,tmiller@youtube.com,8002206654
GARCIA,YUK,ygarcia@bizrate.com,8001497938
RICHARDSON,HILARIA,hrichardson@myspace.com,8008389854
REED,LEONORE,lreed@ezinearticles.com,8004370558
BELL,SACHIKO,sbell@simplyhired.com,8002171708
MILLER,ABDUL,amiller@ask.com,8005190872
HAYES,AUBREY,ahayes@yahoo.com,8000639863
WILSON,MONNIE,mwilson@bestbuy.com,8007026373
COOK,SACHIKO,scook@flickr.com,8002670739
MILLER,NOMA,nmiller@irs.gov,8002269877
YOUNG,BRYANNA,byoung@yahoo.com,8003712362
THOMPSON,MANA,mthompson@flickr.com,8000101340
LOPEZ,TATIANA,tlopez@flickr.com,8003751381
CARTER,CARROL,ccarter@apple.com,8000309377
JENKINS,AUNDREA,ajenkins@apple.com,8004569175
WATSON,MONSERRATE,mwatson@ign.com,8009674870
NELSON,PEGGIE,pnelson@ask.com,8008208679
MURPHY,ADOLFO,amurphy@allrecipes.com,8000452484
RIVERA,LOWELL,lrivera@careerbuilder.com,8004798892
HUGHES,BILLIE,bhughes@webmd.com,8006626562
CAMPBELL,KARY,kcampbell@pronto.com,8005924492
LEWIS,HEIDE,hlewis@monster.com,8001134690
PHILLIPS,TUYET,tphillips@reunion.com,8008932610
DAVIS,WINTER,wdavis@gamevance.com,8005412614
KELLY,SHERRYL,skelly@download.com,8005274683
PATTERSON,MARCO,mpatterson@myspace.com,8009132990
WILSON,KEILA,kwilson@download.com,8004897200
ROBERTS,BRUNA,broberts@areaconnect.com,8008990323
DAVIS,GIA,gdavis@capitalone.com,8004448433
WASHINGTON,EDDIE,ewashington@reunion.com,8005518896
HILL,MARCO,mhill@amazon.com,8008153708
HALL,CATHIE,chall@capitalone.com,8001591660
COOPER,JOANA,jcooper@symantec.com,8006623487
ALLEN,NEOMA,nallen@reference.com,8003674969
FOSTER,LEANNA,lfoster@webmd.com,8004139744
BROOKS,MARILU,mbrooks@comcast.com,8004798327
HALL,KEILA,khall@bestbuy.com,8008488192
RODRIGUEZ,HANNAH,hrodriguez@craigslist.org,8001445583
GONZALEZ,TIANA,tgonzalez@reunion.com,8006780623
CAMPBELL,DALE,dcampbell@nbc.com,8006045459
SCOTT,ELDA,escott@geocities.com,8007022816
DAVIS,TWANDA,tdavis@citysearch.com,8000305229
BROOKS,HEIDE,hbrooks@target.com,8008904999
CAMPBELL,THOMASINA,tcampbell@hp.com,8002824208
MORGAN,STACIA,smorgan@typepad.com,8001396102
CLARK,BRYANNA,bclark@gamespot.com,8002252259
LOPEZ,MARCO,mlopez@wellsfargo.com,8001496012
PRICE,ASLEY,aprice@imdb.com,8005417404
MORRIS,JOEY,jmorris@pronto.com,8000059852
HILL,BRUNA,bhill@allrecipes.com,8005682135
ALLEN,KATHY,kallen@monster.com,8002382411
JOHNSON,LOWELL,ljohnson@craigslist.org,8008199496
HAYES,MANA,mhayes@google.com,8004174874
RAMIREZ,ELMO,eramirez@expedia.com,8001927452
RAMIREZ,LOWELL,lramirez@metacafe.com,8006715641
HILL,ROSEMARY,rhill@evite.com,8009802994
SCOTT,MIKAELA,mscott@myspace.com,8008587504
THOMPSON,AUBREY,athompson@icq.com,8002648908
COX,MOZELL,mcox@ign.com,8001050427
PRICE,AUBREY,aprice@pogo.com,8008467973
JAMES,TAYNA,tjames@linkedin.com,8001813464
BAILEY,DONA,dbailey@huffingtonpost.com,8005300948
ROGERS,MONSERRATE,mrogers@yellowpages.com,8000235537
HUGHES,MOZELL,mhughes@merriamwebster.com,8004442386
WOOD,ABDUL,awood@geocities.com,8009088939
WOOD,SHAN,swood@bizrate.com,8007065374
WALKER,LEONIDA,lwalker@myspace.com,8006315777
DIAZ,JOYA,jdiaz@imdb.com,8001464733
WASHINGTON,MASON,mwashington@ezinearticles.com,8009395008
PARKER,JO,jparker@hp.com,8005081222
HERNANDEZ,SACHIKO,shernandez@wordpress.com,8006415044
BAILEY,LOWELL,lbailey@smarter.com,8006080650
WHITE,VIOLA,vwhite@youtube.com,8002620916
MORGAN,PHYLIS,pmorgan@answers.com,8004989363
COOPER,ASLEY,acooper@smarter.com,8009835075
ROBINSON,YOLANDE,yrobinson@paypal.com,8002099504
PEREZ,GIA,gperez@expedia.com,8005751113
ROSS,MASON,mross@expedia.com,8004051604
GRAY,LOWELL,lgray@usatoday.com,8004680239
SIMMONS,LEANNA,lsimmons@windows.com,8001562401
BROOKS,MAYNARD,mbrooks@vzw.com,8004164252
HARRIS,TWANDA,tharris@monster.com,8009824548
ROBERTS,BILLIE,broberts@reunion.com,8009420068
KING,TIANA,tking@citysearch.com,8000112563
HILL,BILLIE,bhill@blogger.com,8003158273
COOPER,TOMMY,tcooper@shopzilla.com,8009486837
REED,WILBER,wreed@pogo.com,8005598197
ALEXANDER,ELMO,ealexander@nextag.com,8006152809
EVANS,THOMASINA,tevans@wikipedia.org,8000213124
SIMMONS,ROSEMARY,rsimmons@ezinearticles.com,8009697682
BRYANT,ABDUL,abryant@cnet.com,8008578174
NELSON,NEOMA,nnelson@blogger.com,8000237306
RAMIREZ,DONA,dramirez@merriamwebster.com,8009013510
ANDERSON,AUNDREA,aanderson@nih.gov,8003731009
CLARK,HILARIA,hclark@wikimedia.org,8003526185
FLORES,SHARAN,sflores@imdb.com,8005436157
HUGHES,KARY,khughes@nih.gov,8003097734
EVANS,CATHIE,cevans@nextag.com,8004255910
REED,ELDA,ereed@webmd.com,8003132194
BELL,ELDA,ebell@usps.com,8002196347
JONES,SIMONE,sjones@usps.com,8004119566
GRAY,VIOLA,vgray@yellowpages.com,8008545690
FOSTER,LUCY,lfoster@photobucket.com,8008395349
LEE,DORRIS,dlee@apple.com,8003019007
SANDERS,LEESA,lsanders@blogspot.com,8006305476
RAMIREZ,MASON,mramirez@metacafe.com,8002208917
JONES,DARIA,djones@chase.com,8006615601
THOMAS,DONA,dthomas@aol.com,8001538603
RICHARDSON,HANNAH,hrichardson@tripod.com,8004197327
CAMPBELL,MARCO,mcampbell@bestbuy.com,8000801116
BROWN,NOMA,nbrown@hp.com,8005954159
SIMMONS,NEOMA,nsimmons@reference.com,8001419519
COLEMAN,ROSEMARY,rcoleman@comcast.net,8004556369
WATSON,ARMINDA,awatson@irs.gov,8009548466
PRICE,JOEY,jprice@jcpenney.com,8005807089
RIVERA,HORACE,hrivera@areaconnect.com,8003811287
ALLEN,JO,jallen@nih.gov,8008111061
BROWN,TATIANA,tbrown@verizon.com,8009927666
POWELL,HORACE,hpowell@apple.com,8001345982
BAILEY,MARCO,mbailey@flickr.com,8000301452
STEWART,AUNDREA,astewart@answers.com,8005322812
BUTLER,BRIAN,bbutler@facebook.com,8002419993
WASHINGTON,TIANA,twashington@webmd.com,8003481035
COX,CONNIE,ccox@live.com,8000256455
MURPHY,JOEY,jmurphy@wordpress.com,8009687060
JONES,KEILA,kjones@shopzilla.com,8004617903
JAMES,ARMINDA,ajames@bestbuy.com,8000503173
GREEN,CLARE,cgreen@ign.com,8008750359
PATTERSON,LEONIDA,lpatterson@typepad.com,8006396955
BROWN,TITUS,tbrown@merriamwebster.com,8001375461
HARRIS,SHERRYL,sharris@classmates.com,8008289352
JONES,TITUS,tjones@capitalone.com,8004917656
STEWART,MARCO,mstewart@apple.com,8004039451
ROBERTS,LEONORE,lroberts@yellowpages.com,8003123965
MOORE,MARQUITA,mmoore@google.com,8007919093
TURNER,YUK,yturner@webmd.com,8000502295
MILLER,SHARAN,smiller@usps.com,8001529362
MORGAN,TIANA,tmorgan@comcast.com,8004717042
JAMES,ILUMINADA,ijames@nbc.com,8009577900
GREEN,JO,jgreen@huffingtonpost.com,8000925682
REED,KARY,kreed@wikipedia.org,8003515724
SMITH,LATONYA,lsmith@gamespot.com,8009587602
SCOTT,ROSALIA,rscott@verizon.com,8009650445
CLARK,STACIA,sclark@pogo.com,8003433489
BRYANT,PEGGIE,pbryant@zynga.com,8006407440
CARTER,MANIE,mcarter@nextag.com,8003055400
ROGERS,TERRILYN,trogers@netflix.com,8005336094
MURPHY,MONNIE,mmurphy@bestbuy.com,8006650656
MORRIS,AUNDREA,amorris@verizonwireless.com,8006950880
JONES,TATIANA,tjones@go.com,8000035420
GONZALES,HORACE,hgonzales@ups.com,8005772388
WOOD,MAYNARD,mwood@expedia.com,8002023777
KING,NATHANIEL,nking@reunion.com,8009210223
PEREZ,EMMALINE,eperez@huffingtonpost.com,8004461305
THOMAS,TUYET,tthomas@paypal.com,8006419212
MARTINEZ,TOMMY,tmartinez@yellowpages.com,8004983570
ROSS,ASLEY,aross@nbc.com,8000496282
SMITH,BILLIE,bsmith@merriamwebster.com,8001464754
LONG,CATHIE,clong@msn.com,8000017513
COOK,TATIANA,tcook@dell.com,8001907342
GARCIA,CATHIE,cgarcia@ign.com,8009310366
JONES,TWANDA,tjones@photobucket.com,8005630062
YOUNG,TERESE,tyoung@craigslist.org,8000961960
WASHINGTON,BRUNA,bwashington@imdb.com,8009328763
WRIGHT,ABDUL,awright@pogo.com,8000145341
PARKER,LOVELLA,lparker@live.com,8007996887
THOMAS,SIMONE,sthomas@wordpress.com,8009084671
WATSON,TERRILYN,twatson@hp.com,8004143103
GONZALEZ,CARROL,cgonzalez@reuters.com,8004674584
COLLINS,SHARAN,scollins@tripod.com,8009185541
WILLIAMS,HEIDE,hwilliams@blogspot.com,8003851531
JOHNSON,SHERRYL,sjohnson@windows.com,8004587722
GONZALEZ,SHAN,sgonzalez@expedia.com,8004842549
BROWN,THOMASINA,tbrown@answers.com,8001328811
JACKSON,TERESE,tjackson@comcast.com,8000383398
LEWIS,TIANA,tlewis@evite.com,8009718367
HAYES,EDDIE,ehayes@careerbuilder.com,8007503948
GONZALES,MARQUITA,mgonzales@myspace.com,8007534001
FLORES,MARQUITA,mflores@paypal.com,8001863864
WOOD,ROSALIA,rwood@imdb.com,8004646602
ROGERS,ELDA,erogers@linkedin.com,8000827907
EVANS,EMERY,eevans@wikipedia.org,8005263958
GRAY,NELLIE,ngray@citysearch.com,8006749270
ANDERSON,EMERY,eanderson@chase.com,8003333158
SANCHEZ,HILARIA,hsanchez@pronto.com,8000046030
COOPER,ADOLFO,acooper@geocities.com,8000527248
CAMPBELL,BILLIE,bcampbell@ups.com,8005475677
HUGHES,NATHANIEL,nhughes@amazon.com,8009764867
RICHARDSON,JULIANE,jrichardson@yellowpages.com,8008600550
PATTERSON,JOYA,jpatterson@ups.com,8006180265
COOPER,BRUNA,bcooper@capitalone.com,8001025131
GRAY,SACHIKO,sgray@sears.com,8002112316
BELL,MONNIE,mbell@ups.com,8001496557
MARTIN,ARMINDA,amartin@verizon.com,8006074462
FLORES,DORRIS,dflores@nbc.com,8000769453
CAMPBELL,SACHIKO,scampbell@areaconnect.com,8004531990
BROWN,THOMASINA,tbrown@about.com,8002533279
FLORES,JO,jflores@huffingtonpost.com,8002619390
NELSON,EDDIE,enelson@nbc.com,8008859317
THOMPSON,JOHANNA,jthompson@typepad.com,8001390896
KING,ELMO,eking@microsoft.com,8003671545
PATTERSON,LATRINA,lpatterson@amazon.com,8000310723
COLLINS,BILLIE,bcollins@expedia.com,8002627915
ADAMS,SACHIKO,sadams@ezinearticles.com,8004510392
ALEXANDER,ROSALIA,ralexander@imdb.com,8004091957
LOPEZ,ROSALIA,rlopez@adobe.com,8005112685
NELSON,MONSERRATE,mnelson@webmd.com,8005980725
ADAMS,KATHY,kadams@chase.com,8002397551
CARTER,THOMASINA,tcarter@verizonwireless.com,8004336387
ROGERS,JOHANNA,jrogers@expedia.com,8005307843
HERNANDEZ,GIA,ghernandez@comcast.com,8001210276
COOK,SHAN,scook@typepad.com,8002133492
CARTER,JO,jcarter@walmart.com,8009186899
BUTLER,TERRILYN,tbutler@areaconnect.com,8006304151
PARKER,AMI,aparker@facebook.com,8008831011
MITCHELL,SACHIKO,smitchell@overstock.com,8000016980
CLARK,TATIANA,tclark@yahoo.com,8003521548
JAMES,AUBREY,ajames@tripod.com,8003624830
RAMIREZ,DALE,dramirez@irs.gov,8007516737
PHILLIPS,TIANA,tphillips@wikimedia.org,8009442169
RIVERA,DONA,drivera@nih.gov,8003954331
TURNER,PEGGIE,pturner@wordpress.com,8007926223
CARTER,SIMONE,scarter@download.com,8002226100
HUGHES,EMMALINE,ehughes@comcast.com,8009242738
WOOD,LEONORE,lwood@hp.com,8008746501
REED,SHERRYL,sreed@careerbuilder.com,8006821941
ALLEN,TYRA,tallen@comcast.com,8009360549
BAKER,MANA,mbaker@yahoo.com,8007905398
BELL,NATHANIEL,nbell@netflix.com,8005395836
BELL,LEONIDA,lbell@ticketmaster.com,8002306010
LOPEZ,YUK,ylopez@pogo.com,8009345462
EVANS,TATIANA,tevans@evite.com,8003243397
RIVERA,MONNIE,mrivera@wordpress.com,8008810192
COOK,ADOLFO,acook@chase.com,8002346821
MITCHELL,MASON,mmitchell@weather.com,8005723497
GONZALEZ,BILLIE,bgonzalez@walmart.com,8004614616
HERNANDEZ,MANA,mhernandez@allrecipes.com,8001467313
KELLY,MONNIE,mkelly@adobe.com,8007801164
GONZALEZ,ELWOOD,egonzalez@gamespot.com,8005290622
RIVERA,BIANCA,brivera@wikipedia.org,8005948257
MOORE,TITUS,tmoore@photobucket.com,8008191641
LONG,ASLEY,along@cnn.com,8007650764
HAYES,JOYA,jhayes@target.com,8001773773
PHILLIPS,CLARE,cphillips@usatoday.com,8007570371
ROBERTS,ILUMINADA,iroberts@comcast.com,8007596742
GREEN,MARCO,mgreen@facebook.com,8000815580
GARCIA,KARY,kgarcia@go.com,8009984008
HUGHES,MELODY,mhughes@ebay.com,8006044969
JONES,ARMINDA,ajones@ehow.com,8005986918
ROBINSON,AMI,arobinson@blogspot.com,8008653016
BAILEY,JULIANE,jbailey@answers.com,8008073152
POWELL,LEONORE,lpowell@imdb.com,8003320292
BUTLER,HORACE,hbutler@shopzilla.com,8000873768
WHITE,SHARAN,swhite@monster.com,8000498227
COOPER,YOLANDE,ycooper@monster.com,8008055905
MILLER,TAYNA,tmiller@jcpenney.com,8001572849
BROWN,JO,jbrown@bizrate.com,8003014693
GREEN,JOYA,jgreen@bestbuy.com,8000348782
HENDERSON,BRIAN,bhenderson@merriamwebster.com,8000319479
POWELL,WILBER,wpowell@ticketmaster.com,8008626992
JACKSON,PHILLIS,pjackson@paypal.com,8007440951
MURPHY,BIANCA,bmurphy@capitalone.com,8009345961
WHITE,LORRAINE,lwhite@icq.com,8005953854
PARKER,ADOLFO,aparker@pogo.com,8001814232
PRICE,ELMO,eprice@wordpress.com,8000415127
ROBERTS,KATHY,kroberts@shopzilla.com,8004619294
ALLEN,HORACE,hallen@tripod.com,8008557746
HENDERSON,WINTER,whenderson@msn.com,8008335704
ANDERSON,JOANA,janderson@usps.com,8008564908
MITCHELL,PEGGIE,pmitchell@webmd.com,8000581600
DIAZ,MASON,mdiaz@hulu.com,8002918815
WILLIAMS,MARILU,mwilliams@paypal.com,8004785815
PHILLIPS,NOMA,nphillips@bestbuy.com,8002699903
WHITE,DARIA,dwhite@classmates.com,8009705610
MILLER,HANNAH,hmiller@flickr.com,8006547847
BAILEY,ELWOOD,ebailey@ask.com,8002039413
JACKSON,HANNAH,hjackson@evite.com,8002348397
BAKER,HORACE,hbaker@nih.gov,8003624755
MARTIN,ELDA,emartin@chase.com,8009191048
NELSON,MARILU,mnelson@google.com,8009770093
BROWN,BIANCA,bbrown@shopzilla.com,8005375400
RIVERA,TYRA,trivera@att.com,8001110402
SIMMONS,GIA,gsimmons@citysearch.com,8009759907
WILLIAMS,MOZELL,mwilliams@time.com,8001025620
BAILEY,MELODY,mbailey@craigslist.org,8006319053
SMITH,SHERRYL,ssmith@reference.com,8004196967
WARD,CATHIE,cward@youtube.com,8005729928
RODRIGUEZ,RICHELLE,rrodriguez@areaconnect.com,8003791056
BENNETT,BIANCA,bbennett@webmd.com,8007823638
HAYES,AUNDREA,ahayes@target.com,8002999365
COLEMAN,ELDA,ecoleman@answers.com,8005805555
ALLEN,AUNDREA,aallen@go.com,8003480590
GONZALEZ,ASLEY,agonzalez@youtube.com,8008243652
GREEN,WILBER,wgreen@myspace.com,8001224691
TORRES,PHILLIS,ptorres@ebay.com,8007936208
TAYLOR,HORACE,htaylor@zynga.com,8007239465
DIAZ,WILBER,wdiaz@craigslist.org,8000435833
THOMAS,LEONORE,lthomas@ign.com,8005369186
RODRIGUEZ,KATHY,krodriguez@windows.com,8001314600
MORGAN,HORACE,hmorgan@att.com,8005012080
MARTINEZ,CATHIE,cmartinez@comcast.net,8008136150
CAMPBELL,BIANCA,bcampbell@linkedin.com,8002917814
DIAZ,ARMINDA,adiaz@apple.com,8003512082
WHITE,LATRINA,lwhite@careerbuilder.com,8006088318
CARTER,NOMA,ncarter@digg.com,8008251597
BROWN,ELFRIEDA,ebrown@answers.com,8007780202
WASHINGTON,LOYD,lwashington@allrecipes.com,8004198922
GARCIA,ROSEMARY,rgarcia@aol.com,8003741089
WARD,LATRINA,lward@usatoday.com,8000520288
ALLEN,MARCO,mallen@msn.com,8008995971
LONG,CONNIE,clong@monster.com,8009225655
GONZALEZ,CONNIE,cgonzalez@usps.com,8009182133
CAMPBELL,JOEY,jcampbell@att.com,8001938050
RAMIREZ,BIANCA,bramirez@digg.com,8001134060
HALL,ROSALIA,rhall@digg.com,8009704249
BRYANT,YOLANDE,ybryant@chase.com,8004362231
LONG,TYRA,tlong@usatoday.com,8005120476
RUSSELL,TAYNA,trussell@bizrate.com,8005166049
DIAZ,MARQUITA,mdiaz@cnet.com,8008937002
MARTIN,EMERY,emartin@usatoday.com,8001611878
FOSTER,ELFRIEDA,efoster@youtube.com,8003627130
SANCHEZ,JULIANE,jsanchez@yellowpages.com,8003844414
GONZALES,WINTER,wgonzales@merriamwebster.com,8003902488
MARTINEZ,PHYLIS,pmartinez@classmates.com,8001766957
JAMES,SHARAN,sjames@ezinearticles.com,8008010418
HERNANDEZ,LOYD,lhernandez@reference.com,8007849220
ADAMS,EMERY,eadams@overstock.com,8008315372
WRIGHT,KATHY,kwright@huffingtonpost.com,8006159503
WOOD,CLARE,cwood@netflix.com,8001441777
DAVIS,VIOLA,vdavis@careerbuilder.com,8008900899
ROBERTS,HORACE,hroberts@wikipedia.org,8000061896
PERRY,KEILA,kperry@download.com,8002976777
FLORES,PEGGIE,pflores@merriamwebster.com,8008142156
FOSTER,DALE,dfoster@gamevance.com,8000863387
KING,LOVELLA,lking@classmates.com,8004740389
COLEMAN,HANNAH,hcoleman@dell.com,8006810568
BAILEY,MARILU,mbailey@allrecipes.com,8000232751
STEWART,TERRILYN,tstewart@ezinearticles.com,8007847670
DIAZ,TAYNA,tdiaz@overstock.com,8000002981
BUTLER,TERESE,tbutler@icq.com,8006022050
GRAY,DONA,dgray@symantec.com,8009419478
MARTIN,LORRAINE,lmartin@verizon.com,8005910699
CLARK,ABDUL,aclark@icq.com,8005203785
PRICE,AMI,aprice@yellowpages.com,8008033548
POWELL,VIOLA,vpowell@bestbuy.com,8009294089
KING,JOHANNA,jking@live.com,8002174210
HUGHES,SHARAN,shughes@microsoft.com,8007876488
HALL,CARROL,chall@citysearch.com,8000144412
KELLY,HORACE,hkelly@citysearch.com,8008312038
PATTERSON,MANA,mpatterson@verizon.com,8002473719
WALKER,MANA,mwalker@ign.com,8003033282
JENKINS,NATHANIEL,njenkins@wikimedia.org,8008787198
BRYANT,ADOLFO,abryant@reunion.com,8003263924
KELLY,LEESA,lkelly@imdb.com,8004752082
EVANS,GIA,gevans@myspace.com,8004126763
BELL,MANA,mbell@cnet.com,8003537343
LEE,HORACE,hlee@reference.com,8003485647
HILL,PHYLIS,phill@careerbuilder.com,8003007036
THOMAS,BRYANNA,bthomas@wikimedia.org,8003631699
BELL,LATRINA,lbell@jcpenney.com,8007205287
THOMAS,YUK,ythomas@target.com,8006995901
HAYES,EMERY,ehayes@nbc.com,8005662433
RODRIGUEZ,MAYNARD,mrodriguez@blogger.com,8003566356
WOOD,JOEY,jwood@imdb.com,8001799470
GRIFFIN,ASLEY,agriffin@walmart.com,8006600522
LONG,AMI,along@mapquest.com,8000300545
TAYLOR,JOEY,jtaylor@flickr.com,8006520076
JONES,LORRAINE,ljones@flickr.com,8001776829
WRIGHT,ROSALIA,rwright@reuters.com,8004217528
TORRES,YUK,ytorres@go.com,8005072567
YOUNG,LATONYA,lyoung@ehow.com,8004698230
KELLY,MAYNARD,mkelly@typepad.com,8007535328
MORGAN,ELFRIEDA,emorgan@adobe.com,8003398426
KING,HILARIA,hking@nextag.com,8002007982
PEREZ,LOVELLA,lperez@ups.com,8002358451
TORRES,JOYA,jtorres@verizonwireless.com,8006381791
POWELL,ROSALIA,rpowell@ups.com,8001164363
TORRES,DALE,dtorres@photobucket.com,8007661732
BELL,JOANA,jbell@flickr.com,8005436051
BROWN,AUNDREA,abrown@ehow.com,8009832719
RUSSELL,DORRIS,drussell@amazon.com,8006885713
WALKER,TWANDA,twalker@reunion.com,8001291633
HENDERSON,LUCY,lhenderson@download.com,8007670756
COLEMAN,BILLIE,bcoleman@digg.com,8008035182
LOPEZ,LEANNA,llopez@expedia.com,8006893386
GARCIA,HEIDE,hgarcia@walmart.com,8001208283
PARKER,EMMALINE,eparker@linkedin.com,8004544812
YOUNG,DONA,dyoung@hulu.com,8003873887
WILLIAMS,KEILA,kwilliams@reunion.com,8006131569
SIMMONS,NATHANIEL,nsimmons@pogo.com,8002794933
BUTLER,KARIMA,kbutler@monster.com,8003709917
MURPHY,MELODY,mmurphy@whitepages.com,8004662742
WARD,MANA,mward@ezinearticles.com,8002432829
COLLINS,HILARIA,hcollins@netflix.com,8005265026
COLEMAN,TERESE,tcoleman@google.com,8007998255
MOORE,THOMASINA,tmoore@blogspot.com,8000052317
SANDERS,YOLANDE,ysanders@shopzilla.com,8005733374
THOMAS,BRUNA,bthomas@walmart.com,8000311547
ALLEN,BRYANNA,ballen@overstock.com,8003798240
RODRIGUEZ,KEILA,krodriguez@digg.com,8007681946
PHILLIPS,TOMMY,tphillips@youtube.com,8001181394
GONZALES,MANIE,mgonzales@apple.com,8007135248
PETERSON,LATONYA,lpeterson@classmates.com,8004352578
PERRY,SHAN,sperry@about.com,8003716495
TORRES,LATONYA,ltorres@ebay.com,8001440816
THOMAS,MANIE,mthomas@ticketmaster.com,8009962565
POWELL,LOWELL,lpowell@usps.com,8000480849
ROBERTS,SHARAN,sroberts@pronto.com,8005527618
COOPER,JOEY,jcooper@monster.com,8008789283
WARD,TAYNA,tward@ign.com,8004602611
BENNETT,RICHELLE,rbennett@wordpress.com,8000863177
LONG,LUCY,llong@att.com,8005798575
HILL,CATHIE,chill@dell.com,8009814746
FLORES,ILUMINADA,iflores@ehow.com,8004143070
ADAMS,ADOLFO,aadams@gamespot.com,8004177541
COLLINS,SIMONE,scollins@reunion.com,8007306529
BROOKS,EMMALINE,ebrooks@facebook.com,8009283584
THOMPSON,TOMMY,tthompson@comcast.net,8004271690
ALLEN,TITUS,tallen@merriamwebster.com,8002687141
ALEXANDER,CLARE,calexander@google.com,8000964777
FLORES,PHILLIS,pflores@careerbuilder.com,8005031740
JACKSON,LORRAINE,ljackson@amazon.com,8005527438
BUTLER,PHILLIS,pbutler@merriamwebster.com,8004896789
MORGAN,TOMMY,tmorgan@usatoday.com,8003242521
BAKER,JO,jbaker@weather.com,8000257325
EDWARDS,MIKAELA,medwards@time.com,8000235281
RICHARDSON,CATHIE,crichardson@nextag.com,8008078911
BELL,LOYD,lbell@yellowpages.com,8007016648
JONES,MANA,mjones@pronto.com,8009109314
KELLY,THOMASINA,tkelly@hp.com,8002128100
WATSON,ASLEY,awatson@wordpress.com,8003386489
SCOTT,AUNDREA,ascott@careerbuilder.com,8009837959
CARTER,RICHELLE,rcarter@paypal.com,8001772444
MARTINEZ,KATHY,kmartinez@pronto.com,8004948734
WRIGHT,TOMMY,twright@webmd.com,8007695309
BELL,MARCO,mbell@merriamwebster.com,8003034477
COLEMAN,MANA,mcoleman@shopzilla.com,8002345824
TAYLOR,HORACE,htaylor@yahoo.com,8005000080
BUTLER,MASON,mbutler@scribd.com,8004492858
KELLY,NEOMA,nkelly@usatoday.com,8000394094
ANDERSON,MONNIE,manderson@chase.com,8009921068
BROWN,MONSERRATE,mbrown@download.com,8009511982
HENDERSON,LATONYA,lhenderson@weather.com,8002618027
RAMIREZ,NOMA,nramirez@irs.gov,8007441289
JAMES,ABDUL,ajames@geocities.com,8005283375
ADAMS,LEONORE,ladams@shopzilla.com,8002980130
HAYES,VIOLA,vhayes@answers.com,8004966325
MARTIN,LATONYA,lmartin@verizonwireless.com,8002659706
RICHARDSON,JULIANE,jrichardson@target.com,8000953280
BAKER,VIOLA,vbaker@windows.com,8007427810
PERRY,LOVELLA,lperry@usps.com,8007213013
RODRIGUEZ,ROSALIA,rrodriguez@metacafe.com,8002139474
HERNANDEZ,LEESA,lhernandez@wikipedia.org,8001666352
MURPHY,GIA,gmurphy@chase.com,8006962728
COOK,NELLIE,ncook@nih.gov,8003531068
ALLEN,YUK,yallen@vzw.com,8002367602
PHILLIPS,TERESE,tphillips@usps.com,8004607763
BAKER,ILUMINADA,ibaker@gamespot.com,8005459002
LEWIS,YUK,ylewis@nbc.com,8007854595
MURPHY,BIANCA,bmurphy@verizonwireless.com,8006090035
HUGHES,KARIMA,khughes@target.com,8002647776
JOHNSON,LORRAINE,ljohnson@wikipedia.org,8004884139
MURPHY,SIMONE,smurphy@yellowpages.com,8002935682
CLARK,HORACE,hclark@youtube.com,8003990275
HARRIS,ELWOOD,eharris@cnn.com,8002455404
COOPER,JOANA,jcooper@icq.com,8000542079
MOORE,SHARAN,smoore@bankofamerica.com,8007418570
ROBERTS,JULIANE,jroberts@nih.gov,8006607432
BROWN,NELLY,nbrown@huffingtonpost.com,8001622005
ROSS,KEILA,kross@msn.com,8008476601
YOUNG,CATHIE,cyoung@windows.com,8008720418
GARCIA,CONNIE,cgarcia@capitalone.com,8006549392
JAMES,TIANA,tjames@yellowpages.com,8003877082
HARRIS,TIANA,tharris@amazon.com,8007886879
JAMES,EMMALINE,ejames@blogger.com,8006365318
GRAY,PEGGIE,pgray@nytimes.com,8001675860
WILSON,SHARAN,swilson@att.com,8009261807
PERRY,ARMINDA,aperry@google.com,8001977687
TAYLOR,TERRILYN,ttaylor@reunion.com,8009306818
MORGAN,ASLEY,amorgan@reunion.com,8008167577
THOMPSON,HILARIA,hthompson@shopzilla.com,8006694574
MURPHY,LEONIDA,lmurphy@answers.com,8000508151
HARRIS,DONA,dharris@youtube.com,8001750688
MITCHELL,MAYNARD,mmitchell@weather.com,8008673349
ROBINSON,YOLANDE,yrobinson@hp.com,8000378627
TAYLOR,ELMO,etaylor@reference.com,8005356312
EVANS,PHILLIS,pevans@smarter.com,8008446667
WILLIAMS,HORACE,hwilliams@netflix.com,8001336118
RIVERA,DONA,drivera@merriamwebster.com,8002812833
RUSSELL,MOZELL,mrussell@verizon.com,8001892743
BARNES,HORACE,hbarnes@reference.com,8002472497
MOORE,EMMALINE,emoore@ebay.com,8004447255
CLARK,LOYD,lclark@att.com,8001788329
BROOKS,ARMINDA,abrooks@adobe.com,8001221312
COLEMAN,ILUMINADA,icoleman@verizonwireless.com,8002023288
STEWART,SACHIKO,sstewart@verizonwireless.com,8005421910
WASHINGTON,BILLIE,bwashington@photobucket.com,8006573873
BRYANT,YUK,ybryant@typepad.com,8003781749
ADAMS,YOLANDE,yadams@verizon.com,8001836488
ROBINSON,AUBREY,arobinson@live.com,8002635811
JACKSON,STACIA,sjackson@wordpress.com,8005292164
LOPEZ,KARY,klopez@gamevance.com,8007260618
ROBINSON,HANNAH,hrobinson@imdb.com,8004199535
GONZALES,MONNIE,mgonzales@dell.com,8006182016
KELLY,LEESA,lkelly@bizrate.com,8002323810
GRAY,TWANDA,tgray@ebay.com,8004792966
WARD,ILUMINADA,iward@careerbuilder.com,8006664458
RAMIREZ,ARMINDA,aramirez@reunion.com,8001364521
HAYES,ELFRIEDA,ehayes@facebook.com,8005747309
LEWIS,TERESE,tlewis@irs.gov,8004424600
JOHNSON,WILBER,wjohnson@answers.com,8007729194
HILL,CARROL,chill@amazon.com,8001722773
BARNES,MASON,mbarnes@icq.com,8003334396
RIVERA,TAYNA,trivera@capitalone.com,8008886141
ALLEN,TITUS,tallen@myspace.com,8002107018
JONES,EDDIE,ejones@comcast.com,8006225139
MORRIS,MELODY,mmorris@ebay.com,8003666384
PATTERSON,MASON,mpatterson@time.com,8008744135
JENKINS,JOEY,jjenkins@ask.com,8002145902
PATTERSON,ASLEY,apatterson@ticketmaster.com,8008385390
BAKER,NOMA,nbaker@youtube.com,8002051880
TORRES,NOMA,ntorres@sears.com,8008933398
ANDERSON,DALE,danderson@monster.com,8009944294
JAMES,TAYNA,tjames@chase.com,8007071321
